date,match_id,url_match,home,away,home_score,away_score
03/03/2026,76hriley058ze8s10gz0q0bv8,https://www.scoresway.com/en_GB/soccer/coupe-de-france-2025-2026/av9aqjwk6jljkwcs7nqmnrv9w/match/view/76hriley058ze8s10gz0q0bv8,Strasbourg,Reims,2,1
05/02/2026,5tdu884vygc1incb4gk1089hw,https://www.scoresway.com/en_GB/soccer/coupe-de-france-2025-2026/av9aqjwk6jljkwcs7nqmnrv9w/match/view/5tdu884vygc1incb4gk1089hw,Strasbourg,Monaco,3,1
04/02/2026,6k8t67n1480eb5fauadkiaal0,https://www.scoresway.com/en_GB/soccer/coupe-de-france-2025-2026/av9aqjwk6jljkwcs7nqmnrv9w/match/view/6k8t67n1480eb5fauadkiaal0,Troyes,Lens,2,4
04/02/2026,3o61uu8chm561alye36c09s0k,https://www.scoresway.com/en_GB/soccer/coupe-de-france-2025-2026/av9aqjwk6jljkwcs7nqmnrv9w/match/view/3o61uu8chm561alye36c09s0k,Toulouse,Amiens,1,0
04/02/2026,9y97uz2dr6hla429h0fd7ieqc,https://www.scoresway.com/en_GB/soccer/coupe-de-france-2025-2026/av9aqjwk6jljkwcs7nqmnrv9w/match/view/9y97uz2dr6hla429h0fd7ieqc,Nice,Montpellier,3,2
04/02/2026,sxv3fzske8r2d159wxit6xw4,https://www.scoresway.com/en_GB/soccer/coupe-de-france-2025-2026/av9aqjwk6jljkwcs7nqmnrv9w/match/view/sxv3fzske8r2d159wxit6xw4,Lyon,Laval,2,0
04/02/2026,4ftwpchg81pgrtap1ezpotgr8,https://www.scoresway.com/en_GB/soccer/coupe-de-france-2025-2026/av9aqjwk6jljkwcs7nqmnrv9w/match/view/4ftwpchg81pgrtap1ezpotgr8,Lorient,Paris FC,2,0
03/02/2026,2r2c3d0rl4ztq0edr2qh5di50,https://www.scoresway.com/en_GB/soccer/coupe-de-france-2025-2026/av9aqjwk6jljkwcs7nqmnrv9w/match/view/2r2c3d0rl4ztq0edr2qh5di50,Marseille,Rennes,3,0
03/02/2026,7vq7tkw5zmx4r9hpvae92ekno,https://www.scoresway.com/en_GB/soccer/coupe-de-france-2025-2026/av9aqjwk6jljkwcs7nqmnrv9w/match/view/7vq7tkw5zmx4r9hpvae92ekno,Reims,Le Mans,3,0
13/01/2026,uq7mii2ixoxttyhe8jrex3o,https://www.scoresway.com/en_GB/soccer/coupe-de-france-2025-2026/av9aqjwk6jljkwcs7nqmnrv9w/match/view/uq7mii2ixoxttyhe8jrex3o,Bayeux,Marseille,0,9
12/01/2026,8k667tt0earxppabk8ln4y0b8,https://www.scoresway.com/en_GB/soccer/coupe-de-france-2025-2026/av9aqjwk6jljkwcs7nqmnrv9w/match/view/8k667tt0earxppabk8ln4y0b8,Paris SG,Paris FC,0,1
11/01/2026,71a79g451y2pyx27cvyijd89g,https://www.scoresway.com/en_GB/soccer/coupe-de-france-2025-2026/av9aqjwk6jljkwcs7nqmnrv9w/match/view/71a79g451y2pyx27cvyijd89g,Lille,Lyon,1,2
11/01/2026,8pn1vyeoohmkky7krvy0g3zf8,https://www.scoresway.com/en_GB/soccer/coupe-de-france-2025-2026/av9aqjwk6jljkwcs7nqmnrv9w/match/view/8pn1vyeoohmkky7krvy0g3zf8,Nantes,Nice,1,1
11/01/2026,2wthpb040nfdmi0phjqcu87is,https://www.scoresway.com/en_GB/soccer/coupe-de-france-2025-2026/av9aqjwk6jljkwcs7nqmnrv9w/match/view/2wthpb040nfdmi0phjqcu87is,Metz,Montpellier,0,4
11/01/2026,2f9q3txy7ve7c3syv0d3sd8us,https://www.scoresway.com/en_GB/soccer/coupe-de-france-2025-2026/av9aqjwk6jljkwcs7nqmnrv9w/match/view/2f9q3txy7ve7c3syv0d3sd8us,Le Mans,Nancy,0,0
11/01/2026,5otcm0x1k86z9qtzkwydvt91w,https://www.scoresway.com/en_GB/soccer/coupe-de-france-2025-2026/av9aqjwk6jljkwcs7nqmnrv9w/match/view/5otcm0x1k86z9qtzkwydvt91w,Chantilly,Rennes,1,3
11/01/2026,cpvz1azxu6xqz7l27i1chm8lw,https://www.scoresway.com/en_GB/soccer/coupe-de-france-2025-2026/av9aqjwk6jljkwcs7nqmnrv9w/match/view/cpvz1azxu6xqz7l27i1chm8lw,Sochaux,Lens,0,3
10/01/2026,a6hbrh2qrtkz2gh68r4za036c,https://www.scoresway.com/en_GB/soccer/coupe-de-france-2025-2026/av9aqjwk6jljkwcs7nqmnrv9w/match/view/a6hbrh2qrtkz2gh68r4za036c,Le Puy,Reims,0,0
10/01/2026,qw7ed9c3haxpaccas4si7eac,https://www.scoresway.com/en_GB/soccer/coupe-de-france-2025-2026/av9aqjwk6jljkwcs7nqmnrv9w/match/view/qw7ed9c3haxpaccas4si7eac,Istres,Laval,0,2
10/01/2026,4i7j9ngsb9xd8nn18by520m50,https://www.scoresway.com/en_GB/soccer/coupe-de-france-2025-2026/av9aqjwk6jljkwcs7nqmnrv9w/match/view/4i7j9ngsb9xd8nn18by520m50,Hauts Lyonnais,Lorient,1,3
10/01/2026,1xuzu3psdh1wrxnae5i4gnk7o,https://www.scoresway.com/en_GB/soccer/coupe-de-france-2025-2026/av9aqjwk6jljkwcs7nqmnrv9w/match/view/1xuzu3psdh1wrxnae5i4gnk7o,Avranches,Strasbourg,0,6
10/01/2026,e5emu6tvcrgtiayvfj8d3y590,https://www.scoresway.com/en_GB/soccer/coupe-de-france-2025-2026/av9aqjwk6jljkwcs7nqmnrv9w/match/view/e5emu6tvcrgtiayvfj8d3y590,Orléans,Monaco,1,3
10/01/2026,dqrb6u91dugdi6jkeuz3opdsk,https://www.scoresway.com/en_GB/soccer/coupe-de-france-2025-2026/av9aqjwk6jljkwcs7nqmnrv9w/match/view/dqrb6u91dugdi6jkeuz3opdsk,Montreuil,Amiens,2,4
10/01/2026,7al479cig6mixuf1an701z21g,https://www.scoresway.com/en_GB/soccer/coupe-de-france-2025-2026/av9aqjwk6jljkwcs7nqmnrv9w/match/view/7al479cig6mixuf1an701z21g,Bastia,Troyes,0,2
10/01/2026,7u4sr9j2bzpg9p2xaryakxlas,https://www.scoresway.com/en_GB/soccer/coupe-de-france-2025-2026/av9aqjwk6jljkwcs7nqmnrv9w/match/view/7u4sr9j2bzpg9p2xaryakxlas,Angers,Toulouse,1,1
21/12/2025,766u0no9nkh421ckis2p27jtg,https://www.scoresway.com/en_GB/soccer/coupe-de-france-2025-2026/av9aqjwk6jljkwcs7nqmnrv9w/match/view/766u0no9nkh421ckis2p27jtg,Lyon,Saint-Cyr,3,0
21/12/2025,bjtgvrjzzlwx5l7vv1bhceluc,https://www.scoresway.com/en_GB/soccer/coupe-de-france-2025-2026/av9aqjwk6jljkwcs7nqmnrv9w/match/view/bjtgvrjzzlwx5l7vv1bhceluc,Rennes,Les Sables,3,0
21/12/2025,ccswlv5ne5cjbcnbhtt17t15g,https://www.scoresway.com/en_GB/soccer/coupe-de-france-2025-2026/av9aqjwk6jljkwcs7nqmnrv9w/match/view/ccswlv5ne5cjbcnbhtt17t15g,Orléans,Dieppe,3,0
21/12/2025,74wsss3vety8ha1mf788vkxlg,https://www.scoresway.com/en_GB/soccer/coupe-de-france-2025-2026/av9aqjwk6jljkwcs7nqmnrv9w/match/view/74wsss3vety8ha1mf788vkxlg,Montreuil,Chauvigny,2,1
21/12/2025,7ijhkfbxcm4yrhcfdoh19oges,https://www.scoresway.com/en_GB/soccer/coupe-de-france-2025-2026/av9aqjwk6jljkwcs7nqmnrv9w/match/view/7ijhkfbxcm4yrhcfdoh19oges,Le Puy,Bordeaux,1,0
21/12/2025,d9sgdryslyfnjhn90j5mkcp3o,https://www.scoresway.com/en_GB/soccer/coupe-de-france-2025-2026/av9aqjwk6jljkwcs7nqmnrv9w/match/view/d9sgdryslyfnjhn90j5mkcp3o,Le Havre,Amiens,0,2
21/12/2025,8nzf4wfjaajp3c2gv9q0kehw4,https://www.scoresway.com/en_GB/soccer/coupe-de-france-2025-2026/av9aqjwk6jljkwcs7nqmnrv9w/match/view/8nzf4wfjaajp3c2gv9q0kehw4,Bassin,Hauts Lyonnais,0,1
21/12/2025,aibqmp5ik2d045xn19n9mvl04,https://www.scoresway.com/en_GB/soccer/coupe-de-france-2025-2026/av9aqjwk6jljkwcs7nqmnrv9w/match/view/aibqmp5ik2d045xn19n9mvl04,Strasbourg,Dunkerque,2,1
21/12/2025,47r2biivprimfsoc6evh2cwlw,https://www.scoresway.com/en_GB/soccer/coupe-de-france-2025-2026/av9aqjwk6jljkwcs7nqmnrv9w/match/view/47r2biivprimfsoc6evh2cwlw,Nice,Saint-Étienne,2,1
21/12/2025,cv6hmqxylz1e5ot8lw6tokopg,https://www.scoresway.com/en_GB/soccer/coupe-de-france-2025-2026/av9aqjwk6jljkwcs7nqmnrv9w/match/view/cv6hmqxylz1e5ot8lw6tokopg,Concarneau,Nantes,3,5
21/12/2025,f1hq36wut6is2m7fzpch6flsk,https://www.scoresway.com/en_GB/soccer/coupe-de-france-2025-2026/av9aqjwk6jljkwcs7nqmnrv9w/match/view/f1hq36wut6is2m7fzpch6flsk,Bourg-Péronnas,Marseille,0,6
21/12/2025,86fpeenppz9uup79zn9ft6has,https://www.scoresway.com/en_GB/soccer/coupe-de-france-2025-2026/av9aqjwk6jljkwcs7nqmnrv9w/match/view/86fpeenppz9uup79zn9ft6has,Auxerre,Monaco,1,2
20/12/2025,eisymnqm1vc1i8wsp8duyhd04,https://www.scoresway.com/en_GB/soccer/coupe-de-france-2025-2026/av9aqjwk6jljkwcs7nqmnrv9w/match/view/eisymnqm1vc1i8wsp8duyhd04,Vendée FF,Paris SG,0,4
20/12/2025,15lxh4mugd7vryk0wm9u6xbf8,https://www.scoresway.com/en_GB/soccer/coupe-de-france-2025-2026/av9aqjwk6jljkwcs7nqmnrv9w/match/view/15lxh4mugd7vryk0wm9u6xbf8,SA Mérignac,Istres,0,0
20/12/2025,4k3bxa0cgjrfjo5uet9pe8mj8,https://www.scoresway.com/en_GB/soccer/coupe-de-france-2025-2026/av9aqjwk6jljkwcs7nqmnrv9w/match/view/4k3bxa0cgjrfjo5uet9pe8mj8,S. Béthunois,Sochaux,2,4
20/12/2025,belof9vk30ysltht8n85v86j8,https://www.scoresway.com/en_GB/soccer/coupe-de-france-2025-2026/av9aqjwk6jljkwcs7nqmnrv9w/match/view/belof9vk30ysltht8n85v86j8,Raon l'Etape,Paris FC,0,3
20/12/2025,3fr5qk60vse7qinhyi5vykob8,https://www.scoresway.com/en_GB/soccer/coupe-de-france-2025-2026/av9aqjwk6jljkwcs7nqmnrv9w/match/view/3fr5qk60vse7qinhyi5vykob8,Lyon Duchere,Toulouse,1,2
20/12/2025,9s1rtwox1udoic6zku446ugpg,https://www.scoresway.com/en_GB/soccer/coupe-de-france-2025-2026/av9aqjwk6jljkwcs7nqmnrv9w/match/view/9s1rtwox1udoic6zku446ugpg,Grenoble,Nancy,1,1
20/12/2025,dcpx6pqoj696fbsdwu4vwxrmc,https://www.scoresway.com/en_GB/soccer/coupe-de-france-2025-2026/av9aqjwk6jljkwcs7nqmnrv9w/match/view/dcpx6pqoj696fbsdwu4vwxrmc,GSI Pontivy,Bastia,0,1
20/12/2025,ei8tcs3c6z9hr1js5nfaqk4k4,https://www.scoresway.com/en_GB/soccer/coupe-de-france-2025-2026/av9aqjwk6jljkwcs7nqmnrv9w/match/view/ei8tcs3c6z9hr1js5nfaqk4k4,St Maur Lusita,Lille,0,1
20/12/2025,37g4mbjgpe7bdv6buoq6difx0,https://www.scoresway.com/en_GB/soccer/coupe-de-france-2025-2026/av9aqjwk6jljkwcs7nqmnrv9w/match/view/37g4mbjgpe7bdv6buoq6difx0,Marcquois,Troyes,1,3
20/12/2025,9u7ts0lw9irwgoab52b3x1a1g,https://www.scoresway.com/en_GB/soccer/coupe-de-france-2025-2026/av9aqjwk6jljkwcs7nqmnrv9w/match/view/9u7ts0lw9irwgoab52b3x1a1g,Gosier,Lorient,0,7
20/12/2025,ewfnkc686av7klswq2usxm2ac,https://www.scoresway.com/en_GB/soccer/coupe-de-france-2025-2026/av9aqjwk6jljkwcs7nqmnrv9w/match/view/ewfnkc686av7klswq2usxm2ac,Freyming,Chantilly,0,3
20/12/2025,1h9my4spp7hfjdkv0z3xuuntg,https://www.scoresway.com/en_GB/soccer/coupe-de-france-2025-2026/av9aqjwk6jljkwcs7nqmnrv9w/match/view/1h9my4spp7hfjdkv0z3xuuntg,Biesheim,Metz,0,3
20/12/2025,2vddd03r554b9gsbsle0e6syc,https://www.scoresway.com/en_GB/soccer/coupe-de-france-2025-2026/av9aqjwk6jljkwcs7nqmnrv9w/match/view/2vddd03r554b9gsbsle0e6syc,Bayeux,Blois,2,1
19/12/2025,6izb6b4r2ifu4f84j1m69kkk4,https://www.scoresway.com/en_GB/soccer/coupe-de-france-2025-2026/av9aqjwk6jljkwcs7nqmnrv9w/match/view/6izb6b4r2ifu4f84j1m69kkk4,Lens,Feignies,3,1
19/12/2025,ep7aux20jqcow6ijh52uqrys,https://www.scoresway.com/en_GB/soccer/coupe-de-france-2025-2026/av9aqjwk6jljkwcs7nqmnrv9w/match/view/ep7aux20jqcow6ijh52uqrys,Périgny,Le Mans,1,2
19/12/2025,1k4y7hllzjmepmo0ugt3ze32s,https://www.scoresway.com/en_GB/soccer/coupe-de-france-2025-2026/av9aqjwk6jljkwcs7nqmnrv9w/match/view/1k4y7hllzjmepmo0ugt3ze32s,Les Herbiers,Angers,0,0
19/12/2025,7x78ossfmpw9e70xqnfoiit5g,https://www.scoresway.com/en_GB/soccer/coupe-de-france-2025-2026/av9aqjwk6jljkwcs7nqmnrv9w/match/view/7x78ossfmpw9e70xqnfoiit5g,IC Croix,Reims,0,4
19/12/2025,49rjigydr8j2suomhanp1h4ic,https://www.scoresway.com/en_GB/soccer/coupe-de-france-2025-2026/av9aqjwk6jljkwcs7nqmnrv9w/match/view/49rjigydr8j2suomhanp1h4ic,Guingamp,Laval,0,1
19/12/2025,9dsrs6zlsvavy72yrpe0ieiac,https://www.scoresway.com/en_GB/soccer/coupe-de-france-2025-2026/av9aqjwk6jljkwcs7nqmnrv9w/match/view/9dsrs6zlsvavy72yrpe0ieiac,Canet,Montpellier,0,1
19/12/2025,39qrw8z3x0i5h57tc1cbc8oic,https://www.scoresway.com/en_GB/soccer/coupe-de-france-2025-2026/av9aqjwk6jljkwcs7nqmnrv9w/match/view/39qrw8z3x0i5h57tc1cbc8oic,Avranches,Brest,1,1
30/11/2025,b5054uj564825k7147rhlk44,https://www.scoresway.com/en_GB/soccer/coupe-de-france-2025-2026/av9aqjwk6jljkwcs7nqmnrv9w/match/view/b5054uj564825k7147rhlk44,Touraine,Troyes,0,2
30/11/2025,8wy2qf155o5llr99ebmtsu590,https://www.scoresway.com/en_GB/soccer/coupe-de-france-2025-2026/av9aqjwk6jljkwcs7nqmnrv9w/match/view/8wy2qf155o5llr99ebmtsu590,Les Sables,Plouvorn,2,1
30/11/2025,me7is4lsaunj93z7143r0is4,https://www.scoresway.com/en_GB/soccer/coupe-de-france-2025-2026/av9aqjwk6jljkwcs7nqmnrv9w/match/view/me7is4lsaunj93z7143r0is4,Saint-Cyr,Rhône Vallées,0,0
30/11/2025,cvtrouzajg0tihozjoawb85w,https://www.scoresway.com/en_GB/soccer/coupe-de-france-2025-2026/av9aqjwk6jljkwcs7nqmnrv9w/match/view/cvtrouzajg0tihozjoawb85w,Cormontreuil,Chantilly,1,2
30/11/2025,8prxkbg54ql6615eajojfi590,https://www.scoresway.com/en_GB/soccer/coupe-de-france-2025-2026/av9aqjwk6jljkwcs7nqmnrv9w/match/view/8prxkbg54ql6615eajojfi590,Avranches,Aubervilliers,1,1
29/11/2025,8ukidyz2bi0d79sbc29lrpo9g,https://www.scoresway.com/en_GB/soccer/coupe-de-france-2025-2026/av9aqjwk6jljkwcs7nqmnrv9w/match/view/8ukidyz2bi0d79sbc29lrpo9g,Saint-Étienne,USEM,11,1
29/11/2025,91p1r8mk13rt2uwgp5b5id2xg,https://www.scoresway.com/en_GB/soccer/coupe-de-france-2025-2026/av9aqjwk6jljkwcs7nqmnrv9w/match/view/91p1r8mk13rt2uwgp5b5id2xg,Marmande,Bassin,0,0
29/11/2025,bzw9kudgjqpsz7bmiltdo650,https://www.scoresway.com/en_GB/soccer/coupe-de-france-2025-2026/av9aqjwk6jljkwcs7nqmnrv9w/match/view/bzw9kudgjqpsz7bmiltdo650,Périgny,Beaucouzé,3,1
29/11/2025,8jkg6ia50szge2hksqqtwnx0,https://www.scoresway.com/en_GB/soccer/coupe-de-france-2025-2026/av9aqjwk6jljkwcs7nqmnrv9w/match/view/8jkg6ia50szge2hksqqtwnx0,Chauvigny,Stade Poitevin,3,3
29/11/2025,92hpum76lha1iytf0slbekis4,https://www.scoresway.com/en_GB/soccer/coupe-de-france-2025-2026/av9aqjwk6jljkwcs7nqmnrv9w/match/view/92hpum76lha1iytf0slbekis4,ASMUR,Bordeaux,3,4
29/11/2025,4hb29n5qcohy2ls7jd0vqtxqs,https://www.scoresway.com/en_GB/soccer/coupe-de-france-2025-2026/av9aqjwk6jljkwcs7nqmnrv9w/match/view/4hb29n5qcohy2ls7jd0vqtxqs,Raon l'Etape,Mulhouse,2,2
29/11/2025,8oyuzv2woz4x5i7dqx4mw4ahg,https://www.scoresway.com/en_GB/soccer/coupe-de-france-2025-2026/av9aqjwk6jljkwcs7nqmnrv9w/match/view/8oyuzv2woz4x5i7dqx4mw4ahg,Yvetot,Bayeux,0,1
29/11/2025,a9t76uvoxnfuqemju879orh0,https://www.scoresway.com/en_GB/soccer/coupe-de-france-2025-2026/av9aqjwk6jljkwcs7nqmnrv9w/match/view/a9t76uvoxnfuqemju879orh0,Vendée FF,Châteauroux,4,1
29/11/2025,h8315lmqg1iomj0h666lw3dg,https://www.scoresway.com/en_GB/soccer/coupe-de-france-2025-2026/av9aqjwk6jljkwcs7nqmnrv9w/match/view/h8315lmqg1iomj0h666lw3dg,Steenvoorde,S. Béthunois,0,0
29/11/2025,o3xv6f7vhkk1ha7ayek0lw5w,https://www.scoresway.com/en_GB/soccer/coupe-de-france-2025-2026/av9aqjwk6jljkwcs7nqmnrv9w/match/view/o3xv6f7vhkk1ha7ayek0lw5w,Seyssinet,Istres,0,2
29/11/2025,90wj3vlshdfjtq32x8pkeq49g,https://www.scoresway.com/en_GB/soccer/coupe-de-france-2025-2026/av9aqjwk6jljkwcs7nqmnrv9w/match/view/90wj3vlshdfjtq32x8pkeq49g,SA Mérignac,Pau,1,0
29/11/2025,9eswr4g6lbxgqp00k45aqqdw,https://www.scoresway.com/en_GB/soccer/coupe-de-france-2025-2026/av9aqjwk6jljkwcs7nqmnrv9w/match/view/9eswr4g6lbxgqp00k45aqqdw,Romorantin,Blois,2,2
29/11/2025,8w5iy49noyqjq0y033vbmbitw,https://www.scoresway.com/en_GB/soccer/coupe-de-france-2025-2026/av9aqjwk6jljkwcs7nqmnrv9w/match/view/8w5iy49noyqjq0y033vbmbitw,Plabennec,Les Herbiers,1,2
29/11/2025,8qkhz4dih3oll4sb1sd637cic,https://www.scoresway.com/en_GB/soccer/coupe-de-france-2025-2026/av9aqjwk6jljkwcs7nqmnrv9w/match/view/8qkhz4dih3oll4sb1sd637cic,Montreuil,Granville,1,1
29/11/2025,ko5h6qlrsbpjy6ccwfzhrpck,https://www.scoresway.com/en_GB/soccer/coupe-de-france-2025-2026/av9aqjwk6jljkwcs7nqmnrv9w/match/view/ko5h6qlrsbpjy6ccwfzhrpck,Marcquois,Bondues,2,0
29/11/2025,n91qx1hvwn1c2dzqg12s86c4,https://www.scoresway.com/en_GB/soccer/coupe-de-france-2025-2026/av9aqjwk6jljkwcs7nqmnrv9w/match/view/n91qx1hvwn1c2dzqg12s86c4,Lyon Duchere,Carnoux,3,1
29/11/2025,8ts4p8owz864mpiqpfm6alslw,https://www.scoresway.com/en_GB/soccer/coupe-de-france-2025-2026/av9aqjwk6jljkwcs7nqmnrv9w/match/view/8ts4p8owz864mpiqpfm6alslw,Is-Selongey,Bourg-Péronnas,2,3
29/11/2025,8vd34ah71gs0wx4j0zaz3fkt0,https://www.scoresway.com/en_GB/soccer/coupe-de-france-2025-2026/av9aqjwk6jljkwcs7nqmnrv9w/match/view/8vd34ah71gs0wx4j0zaz3fkt0,Chalon,Le Puy,0,1
29/11/2025,iy28bbrsmizkqchykx7u3bbo,https://www.scoresway.com/en_GB/soccer/coupe-de-france-2025-2026/av9aqjwk6jljkwcs7nqmnrv9w/match/view/iy28bbrsmizkqchykx7u3bbo,Beauvais,Dieppe,1,2
29/11/2025,8xqg9jogrm508mzkuqtxcdq8k,https://www.scoresway.com/en_GB/soccer/coupe-de-france-2025-2026/av9aqjwk6jljkwcs7nqmnrv9w/match/view/8xqg9jogrm508mzkuqtxcdq8k,Ancienne C-G,Guingamp,0,4
29/11/2025,jt508aqw4oi186viysqaswlw,https://www.scoresway.com/en_GB/soccer/coupe-de-france-2025-2026/av9aqjwk6jljkwcs7nqmnrv9w/match/view/jt508aqw4oi186viysqaswlw,Abbeville,Dunkerque,0,5
29/11/2025,8rcwwllgeecegvxffpzu89yc4,https://www.scoresway.com/en_GB/soccer/coupe-de-france-2025-2026/av9aqjwk6jljkwcs7nqmnrv9w/match/view/8rcwwllgeecegvxffpzu89yc4,AVG,Le Mans,2,2
29/11/2025,gbvtzepftx6dhud5f7gdpic4,https://www.scoresway.com/en_GB/soccer/coupe-de-france-2025-2026/av9aqjwk6jljkwcs7nqmnrv9w/match/view/gbvtzepftx6dhud5f7gdpic4,APM Metz,Feignies,0,2
29/11/2025,8szkj0idrpncvlmghn13ruzh0,https://www.scoresway.com/en_GB/soccer/coupe-de-france-2025-2026/av9aqjwk6jljkwcs7nqmnrv9w/match/view/8szkj0idrpncvlmghn13ruzh0,Hauts Lyonnais,Feurs,1,1
29/11/2025,8yiqphayyktb2x47e3zt28ff8,https://www.scoresway.com/en_GB/soccer/coupe-de-france-2025-2026/av9aqjwk6jljkwcs7nqmnrv9w/match/view/8yiqphayyktb2x47e3zt28ff8,Espoir,GSI Pontivy,0,4
29/11/2025,4gv5iqpjh9ufap4i3u633s7x0,https://www.scoresway.com/en_GB/soccer/coupe-de-france-2025-2026/av9aqjwk6jljkwcs7nqmnrv9w/match/view/4gv5iqpjh9ufap4i3u633s7x0,Laval,St Pauloise,6,0
29/11/2025,oz31bpdxf3n1d7b2selx6l90,https://www.scoresway.com/en_GB/soccer/coupe-de-france-2025-2026/av9aqjwk6jljkwcs7nqmnrv9w/match/view/oz31bpdxf3n1d7b2selx6l90,Saint-Malo,Bastia,0,0
29/11/2025,i33twuy9uazby5c0vajvhvro,https://www.scoresway.com/en_GB/soccer/coupe-de-france-2025-2026/av9aqjwk6jljkwcs7nqmnrv9w/match/view/i33twuy9uazby5c0vajvhvro,Gosier,Oissel,2,2
29/11/2025,93d0h1ujw9ppimoqss9my81zo,https://www.scoresway.com/en_GB/soccer/coupe-de-france-2025-2026/av9aqjwk6jljkwcs7nqmnrv9w/match/view/93d0h1ujw9ppimoqss9my81zo,Canet,Rodez,1,0
29/11/2025,arifyqwftjwxw9t3mcik50yz8,https://www.scoresway.com/en_GB/soccer/coupe-de-france-2025-2026/av9aqjwk6jljkwcs7nqmnrv9w/match/view/arifyqwftjwxw9t3mcik50yz8,Biesheim,Red Star,1,1
29/11/2025,903yuguefp358e2pnz7bwoglw,https://www.scoresway.com/en_GB/soccer/coupe-de-france-2025-2026/av9aqjwk6jljkwcs7nqmnrv9w/match/view/903yuguefp358e2pnz7bwoglw,Union St-Jean,Orléans,1,2
29/11/2025,dqt2gjd4ervjizk2yfo2vw2c,https://www.scoresway.com/en_GB/soccer/coupe-de-france-2025-2026/av9aqjwk6jljkwcs7nqmnrv9w/match/view/dqt2gjd4ervjizk2yfo2vw2c,Reims Sainte-A,Amiens,0,4
29/11/2025,bjz7iu9l530r93m967p4ee6fo,https://www.scoresway.com/en_GB/soccer/coupe-de-france-2025-2026/av9aqjwk6jljkwcs7nqmnrv9w/match/view/bjz7iu9l530r93m967p4ee6fo,IC Croix,Le Geldar,2,1
29/11/2025,em3rcqh03gp91274j3jj6mfo,https://www.scoresway.com/en_GB/soccer/coupe-de-france-2025-2026/av9aqjwk6jljkwcs7nqmnrv9w/match/view/em3rcqh03gp91274j3jj6mfo,Torcy,Reims,1,5
29/11/2025,aow0d1pq7awwtejsod0pnz6dw,https://www.scoresway.com/en_GB/soccer/coupe-de-france-2025-2026/av9aqjwk6jljkwcs7nqmnrv9w/match/view/aow0d1pq7awwtejsod0pnz6dw,Sarre Union,Sochaux,0,6
29/11/2025,8s5hbn9rc65w3npqu7cgc7oyc,https://www.scoresway.com/en_GB/soccer/coupe-de-france-2025-2026/av9aqjwk6jljkwcs7nqmnrv9w/match/view/8s5hbn9rc65w3npqu7cgc7oyc,Montceau,Montpellier,0,2
29/11/2025,app0fzzoy24box79jjjsldm38,https://www.scoresway.com/en_GB/soccer/coupe-de-france-2025-2026/av9aqjwk6jljkwcs7nqmnrv9w/match/view/app0fzzoy24box79jjjsldm38,Freyming,Racing,1,0
29/11/2025,fh41b6pukxsqb0gj5xyvpjis,https://www.scoresway.com/en_GB/soccer/coupe-de-france-2025-2026/av9aqjwk6jljkwcs7nqmnrv9w/match/view/fh41b6pukxsqb0gj5xyvpjis,Bogny,St Maur Lusita,0,3
28/11/2025,aqj1hu59m7grgm4axikml9fys,https://www.scoresway.com/en_GB/soccer/coupe-de-france-2025-2026/av9aqjwk6jljkwcs7nqmnrv9w/match/view/aqj1hu59m7grgm4axikml9fys,Sarreguemines,Nancy,3,4
28/11/2025,lj2lc2kxek42i9xd6krujgus,https://www.scoresway.com/en_GB/soccer/coupe-de-france-2025-2026/av9aqjwk6jljkwcs7nqmnrv9w/match/view/lj2lc2kxek42i9xd6krujgus,Annecy,Grenoble,1,2
28/11/2025,8zbel2idfxy5ob58qdtryqqdw,https://www.scoresway.com/en_GB/soccer/coupe-de-france-2025-2026/av9aqjwk6jljkwcs7nqmnrv9w/match/view/8zbel2idfxy5ob58qdtryqqdw,Concarneau,Stade Briochin,1,0
16/11/2025,c81rkegxky9lwyfgxzji00ff8,https://www.scoresway.com/en_GB/soccer/coupe-de-france-2025-2026/av9aqjwk6jljkwcs7nqmnrv9w/match/view/c81rkegxky9lwyfgxzji00ff8,St Pauloise,Dominicaine,1,0
16/11/2025,ddqkpq1jeuptziimphpe5nnys,https://www.scoresway.com/en_GB/soccer/coupe-de-france-2025-2026/av9aqjwk6jljkwcs7nqmnrv9w/match/view/ddqkpq1jeuptziimphpe5nnys,Nancy,Tomblaine,5,0
16/11/2025,de2y35njzcmgikpylyqynog0k,https://www.scoresway.com/en_GB/soccer/coupe-de-france-2025-2026/av9aqjwk6jljkwcs7nqmnrv9w/match/view/de2y35njzcmgikpylyqynog0k,Forbach,Red Star,0,2
16/11/2025,2axgjadp8gjx5dbs3pqx89g5w,https://www.scoresway.com/en_GB/soccer/coupe-de-france-2025-2026/av9aqjwk6jljkwcs7nqmnrv9w/match/view/2axgjadp8gjx5dbs3pqx89g5w,Boé,Bordeaux,0,1
16/11/2025,5yvsjbx1peuezjmjo7cjl1990,https://www.scoresway.com/en_GB/soccer/coupe-de-france-2025-2026/av9aqjwk6jljkwcs7nqmnrv9w/match/view/5yvsjbx1peuezjmjo7cjl1990,Boulogne,Dunkerque,2,2
16/11/2025,9uhbarv90kuwabkw1b5hvzklw,https://www.scoresway.com/en_GB/soccer/coupe-de-france-2025-2026/av9aqjwk6jljkwcs7nqmnrv9w/match/view/9uhbarv90kuwabkw1b5hvzklw,Blois,Clermont,1,1
16/11/2025,268uf7ou0t8zzqwzi0qs1yj2s,https://www.scoresway.com/en_GB/soccer/coupe-de-france-2025-2026/av9aqjwk6jljkwcs7nqmnrv9w/match/view/268uf7ou0t8zzqwzi0qs1yj2s,Vitré,Plouvorn,1,1
16/11/2025,9vns6a2b8jb403dqbhbq878d0,https://www.scoresway.com/en_GB/soccer/coupe-de-france-2025-2026/av9aqjwk6jljkwcs7nqmnrv9w/match/view/9vns6a2b8jb403dqbhbq878d0,Touraine,Épernay,1,1
16/11/2025,5yj49ta6cz6gewd17qcqzdudw,https://www.scoresway.com/en_GB/soccer/coupe-de-france-2025-2026/av9aqjwk6jljkwcs7nqmnrv9w/match/view/5yj49ta6cz6gewd17qcqzdudw,Saint-Amand,Dieppe,0,3
16/11/2025,45n6noscsvuht5a3jrvquzwno,https://www.scoresway.com/en_GB/soccer/coupe-de-france-2025-2026/av9aqjwk6jljkwcs7nqmnrv9w/match/view/45n6noscsvuht5a3jrvquzwno,Agde,Montpellier,0,2
16/11/2025,28e578jf3mk1iik6jd9slp0yc,https://www.scoresway.com/en_GB/soccer/coupe-de-france-2025-2026/av9aqjwk6jljkwcs7nqmnrv9w/match/view/28e578jf3mk1iik6jd9slp0yc,Saint-Renan,Stade Briochin,0,4
16/11/2025,25w83n8mseghojnxzv8joa710,https://www.scoresway.com/en_GB/soccer/coupe-de-france-2025-2026/av9aqjwk6jljkwcs7nqmnrv9w/match/view/25w83n8mseghojnxzv8joa710,Pen Hir,Les Sables,1,1
16/11/2025,9u4n5s17jjarheix91rydyy38,https://www.scoresway.com/en_GB/soccer/coupe-de-france-2025-2026/av9aqjwk6jljkwcs7nqmnrv9w/match/view/9u4n5s17jjarheix91rydyy38,Le Poinçonnet,Romorantin,0,2
16/11/2025,45a7c0fatabnv578eaa3vsf10,https://www.scoresway.com/en_GB/soccer/coupe-de-france-2025-2026/av9aqjwk6jljkwcs7nqmnrv9w/match/view/45a7c0fatabnv578eaa3vsf10,Étoile Bobigny,AVG,1,1
16/11/2025,dcpeum4s9krmlcw5d3g4zd9uc,https://www.scoresway.com/en_GB/soccer/coupe-de-france-2025-2026/av9aqjwk6jljkwcs7nqmnrv9w/match/view/dcpeum4s9krmlcw5d3g4zd9uc,Wittenheim,Freyming,2,2
16/11/2025,des099ie6v5xtw9su2yqfpd78,https://www.scoresway.com/en_GB/soccer/coupe-de-france-2025-2026/av9aqjwk6jljkwcs7nqmnrv9w/match/view/des099ie6v5xtw9su2yqfpd78,Still-Mutzig,Raon l'Etape,0,3
16/11/2025,46pm74m4ecshdq7pebrdjfj84,https://www.scoresway.com/en_GB/soccer/coupe-de-france-2025-2026/av9aqjwk6jljkwcs7nqmnrv9w/match/view/46pm74m4ecshdq7pebrdjfj84,Savigneux Mnt.,Feurs,3,5
16/11/2025,9wd62fba5vaa9eeqae5lnmj9w,https://www.scoresway.com/en_GB/soccer/coupe-de-france-2025-2026/av9aqjwk6jljkwcs7nqmnrv9w/match/view/9wd62fba5vaa9eeqae5lnmj9w,Saint-Meziery,Périgny,1,1
16/11/2025,6110t6cp1n5tdxe0jwfuokefo,https://www.scoresway.com/en_GB/soccer/coupe-de-france-2025-2026/av9aqjwk6jljkwcs7nqmnrv9w/match/view/6110t6cp1n5tdxe0jwfuokefo,Saint-Cyr,Thonon Évian,0,0
16/11/2025,29v61u25yhf53qq354mi98pw4,https://www.scoresway.com/en_GB/soccer/coupe-de-france-2025-2026/av9aqjwk6jljkwcs7nqmnrv9w/match/view/29v61u25yhf53qq354mi98pw4,SA Mérignac,Colomiers,0,0
16/11/2025,253shd2gmi5aihkz9vgeouuj8,https://www.scoresway.com/en_GB/soccer/coupe-de-france-2025-2026/av9aqjwk6jljkwcs7nqmnrv9w/match/view/253shd2gmi5aihkz9vgeouuj8,Plédran,Plabennec,0,2
16/11/2025,61qc18vu6052puzl374mrhu6s,https://www.scoresway.com/en_GB/soccer/coupe-de-france-2025-2026/av9aqjwk6jljkwcs7nqmnrv9w/match/view/61qc18vu6052puzl374mrhu6s,Pierrelatte,Lyon Duchere,0,2
16/11/2025,47sg1llkmslhs34g50ktzdyc4,https://www.scoresway.com/en_GB/soccer/coupe-de-france-2025-2026/av9aqjwk6jljkwcs7nqmnrv9w/match/view/47sg1llkmslhs34g50ktzdyc4,Nord Lozère,USEM,4,4
16/11/2025,472el3argvrgk4jjhpi5bpo9g,https://www.scoresway.com/en_GB/soccer/coupe-de-france-2025-2026/av9aqjwk6jljkwcs7nqmnrv9w/match/view/472el3argvrgk4jjhpi5bpo9g,Mauguio Carnon,Is-Selongey,0,0
16/11/2025,5zlflel3wmokec4me05m5v7ro,https://www.scoresway.com/en_GB/soccer/coupe-de-france-2025-2026/av9aqjwk6jljkwcs7nqmnrv9w/match/view/5zlflel3wmokec4me05m5v7ro,Marcquois,Aire-S-L-Lys,5,0
16/11/2025,5zy016qb9upcamk23nws9hgd0,https://www.scoresway.com/en_GB/soccer/coupe-de-france-2025-2026/av9aqjwk6jljkwcs7nqmnrv9w/match/view/5zy016qb9upcamk23nws9hgd0,Longuenesse,Bondues,1,2
16/11/2025,5y6l8ymcxaxjguaebfekun4t0,https://www.scoresway.com/en_GB/soccer/coupe-de-france-2025-2026/av9aqjwk6jljkwcs7nqmnrv9w/match/view/5y6l8ymcxaxjguaebfekun4t0,Drancy,Beauvais,0,0
16/11/2025,9xh5n3tx407dai0auf8efbeok,https://www.scoresway.com/en_GB/soccer/coupe-de-france-2025-2026/av9aqjwk6jljkwcs7nqmnrv9w/match/view/9xh5n3tx407dai0auf8efbeok,Cormontreuil,Porto Amiens,5,2
16/11/2025,5z8w6l0h1f3yyiotg9xhqikgk,https://www.scoresway.com/en_GB/soccer/coupe-de-france-2025-2026/av9aqjwk6jljkwcs7nqmnrv9w/match/view/5z8w6l0h1f3yyiotg9xhqikgk,Cappelle,Abbeville,2,3
16/11/2025,a01pxuza8tq3wg1s1s50w3a50,https://www.scoresway.com/en_GB/soccer/coupe-de-france-2025-2026/av9aqjwk6jljkwcs7nqmnrv9w/match/view/a01pxuza8tq3wg1s1s50w3a50,Camon,St Maur Lusita,0,7
16/11/2025,43hedc3t6z2tmq7ejbdngaexg,https://www.scoresway.com/en_GB/soccer/coupe-de-france-2025-2026/av9aqjwk6jljkwcs7nqmnrv9w/match/view/43hedc3t6z2tmq7ejbdngaexg,Beaumont,Aubervilliers,4,7
16/11/2025,2akrgduyif3ncfie0mbzw2v4k,https://www.scoresway.com/en_GB/soccer/coupe-de-france-2025-2026/av9aqjwk6jljkwcs7nqmnrv9w/match/view/2akrgduyif3ncfie0mbzw2v4k,Bassin,Blagnac,4,1
16/11/2025,9yjtoty2z5jv4zd4vhom5hyj8,https://www.scoresway.com/en_GB/soccer/coupe-de-france-2025-2026/av9aqjwk6jljkwcs7nqmnrv9w/match/view/9yjtoty2z5jv4zd4vhom5hyj8,Avion,Torcy,0,2
16/11/2025,9zd3q09ngjg572myain9kss9g,https://www.scoresway.com/en_GB/soccer/coupe-de-france-2025-2026/av9aqjwk6jljkwcs7nqmnrv9w/match/view/9zd3q09ngjg572myain9kss9g,ASSBC,Bogny,1,1
16/11/2025,9xu7votxor892shixvvcwbmdw,https://www.scoresway.com/en_GB/soccer/coupe-de-france-2025-2026/av9aqjwk6jljkwcs7nqmnrv9w/match/view/9xu7votxor892shixvvcwbmdw,Reims Sainte-A,Gazélec,2,1
15/11/2025,4859mzfeb1b9dfb9omqfvet5g,https://www.scoresway.com/en_GB/soccer/coupe-de-france-2025-2026/av9aqjwk6jljkwcs7nqmnrv9w/match/view/4859mzfeb1b9dfb9omqfvet5g,Quetigny,Saint-Étienne,1,3
15/11/2025,9tc8rh9y0o0ovrmldml21gxec,https://www.scoresway.com/en_GB/soccer/coupe-de-france-2025-2026/av9aqjwk6jljkwcs7nqmnrv9w/match/view/9tc8rh9y0o0ovrmldml21gxec,Gouzon,Chauvigny,1,5
15/11/2025,2bmvuzxyg6tspwim8ccaiegpg,https://www.scoresway.com/en_GB/soccer/coupe-de-france-2025-2026/av9aqjwk6jljkwcs7nqmnrv9w/match/view/2bmvuzxyg6tspwim8ccaiegpg,Auch,Canet,1,4
15/11/2025,2a7twp16rvt75zycrass5ybys,https://www.scoresway.com/en_GB/soccer/coupe-de-france-2025-2026/av9aqjwk6jljkwcs7nqmnrv9w/match/view/2a7twp16rvt75zycrass5ybys,SCS,Marmande,2,3
15/11/2025,9x442oqjw1pbww4fktq2mrsb8,https://www.scoresway.com/en_GB/soccer/coupe-de-france-2025-2026/av9aqjwk6jljkwcs7nqmnrv9w/match/view/9x442oqjw1pbww4fktq2mrsb8,Prémontré,Chantilly,0,3
15/11/2025,9wpw1cge4a9l0mnbywv3qkges,https://www.scoresway.com/en_GB/soccer/coupe-de-france-2025-2026/av9aqjwk6jljkwcs7nqmnrv9w/match/view/9wpw1cge4a9l0mnbywv3qkges,Montmorillon,Beaucouzé,0,1
15/11/2025,c7pwu215not55cy1ovop27dhw,https://www.scoresway.com/en_GB/soccer/coupe-de-france-2025-2026/av9aqjwk6jljkwcs7nqmnrv9w/match/view/c7pwu215not55cy1ovop27dhw,Espoir,Éveil,0,0
15/11/2025,6233f288w79zbkcam2934zi1g,https://www.scoresway.com/en_GB/soccer/coupe-de-france-2025-2026/av9aqjwk6jljkwcs7nqmnrv9w/match/view/6233f288w79zbkcam2934zi1g,Carnoux,Pirae,5,1
15/11/2025,9uu7g2mmr18zlhxz89sr27bx0,https://www.scoresway.com/en_GB/soccer/coupe-de-france-2025-2026/av9aqjwk6jljkwcs7nqmnrv9w/match/view/9uu7g2mmr18zlhxz89sr27bx0,Biars-Bret.,Châteauroux,0,2
15/11/2025,632jeqqaby9bz6gt5f51mzg2c,https://www.scoresway.com/en_GB/soccer/coupe-de-france-2025-2026/av9aqjwk6jljkwcs7nqmnrv9w/match/view/632jeqqaby9bz6gt5f51mzg2c,Allinges,Istres,1,2
15/11/2025,423rb35s4slcma8rct5wo7w2c,https://www.scoresway.com/en_GB/soccer/coupe-de-france-2025-2026/av9aqjwk6jljkwcs7nqmnrv9w/match/view/423rb35s4slcma8rct5wo7w2c,Yvetot,Caen PTT,2,1
15/11/2025,9v8ub6j223pbsp4c375qkepsk,https://www.scoresway.com/en_GB/soccer/coupe-de-france-2025-2026/av9aqjwk6jljkwcs7nqmnrv9w/match/view/9v8ub6j223pbsp4c375qkepsk,Vendée FF,Chamalières,0,0
15/11/2025,28s8a71ksatjgi6bt2wxlnrx0,https://www.scoresway.com/en_GB/soccer/coupe-de-france-2025-2026/av9aqjwk6jljkwcs7nqmnrv9w/match/view/28s8a71ksatjgi6bt2wxlnrx0,Union St-Jean,Angoulême,1,0
15/11/2025,29iex2ygjyb0ldetg6xkx6ivo,https://www.scoresway.com/en_GB/soccer/coupe-de-france-2025-2026/av9aqjwk6jljkwcs7nqmnrv9w/match/view/29iex2ygjyb0ldetg6xkx6ivo,Trélissac,Pau,0,2
15/11/2025,5woyn6gzy4nfodoniay1cw93o,https://www.scoresway.com/en_GB/soccer/coupe-de-france-2025-2026/av9aqjwk6jljkwcs7nqmnrv9w/match/view/5woyn6gzy4nfodoniay1cw93o,Steenvoorde,Chambly,1,1
15/11/2025,62fnfkb2fgpfdq0cgqcx7xono,https://www.scoresway.com/en_GB/soccer/coupe-de-france-2025-2026/av9aqjwk6jljkwcs7nqmnrv9w/match/view/62fnfkb2fgpfdq0cgqcx7xono,Seyssinet,Aubagne,0,0
15/11/2025,41qss4km06pqfto1ikmuvdlp0,https://www.scoresway.com/en_GB/soccer/coupe-de-france-2025-2026/av9aqjwk6jljkwcs7nqmnrv9w/match/view/41qss4km06pqfto1ikmuvdlp0,Sablé,Saint-Malo,0,0
15/11/2025,2bacrq864cjooe0t7auyfeaz8,https://www.scoresway.com/en_GB/soccer/coupe-de-france-2025-2026/av9aqjwk6jljkwcs7nqmnrv9w/match/view/2bacrq864cjooe0t7auyfeaz8,Rives 82,ASMUR,0,1
15/11/2025,dd1rndifpfbwgipjwlnzb2gb8,https://www.scoresway.com/en_GB/soccer/coupe-de-france-2025-2026/av9aqjwk6jljkwcs7nqmnrv9w/match/view/dd1rndifpfbwgipjwlnzb2gb8,Racing,Thionville,4,0
15/11/2025,26lkggwdhxtklo0h1l2o6eec4,https://www.scoresway.com/en_GB/soccer/coupe-de-france-2025-2026/av9aqjwk6jljkwcs7nqmnrv9w/match/view/26lkggwdhxtklo0h1l2o6eec4,Quimperlé,Ancienne C-G,0,9
15/11/2025,295u6efcl3bq7ngrnpl577vh0,https://www.scoresway.com/en_GB/soccer/coupe-de-france-2025-2026/av9aqjwk6jljkwcs7nqmnrv9w/match/view/295u6efcl3bq7ngrnpl577vh0,Orléans,Bayonne,3,0
15/11/2025,5xhf8uo71blz6zla1x0u04n4k,https://www.scoresway.com/en_GB/soccer/coupe-de-france-2025-2026/av9aqjwk6jljkwcs7nqmnrv9w/match/view/5xhf8uo71blz6zla1x0u04n4k,Oissel,QRM,2,2
15/11/2025,448dzhpzq3tl652f3e5wkfac4,https://www.scoresway.com/en_GB/soccer/coupe-de-france-2025-2026/av9aqjwk6jljkwcs7nqmnrv9w/match/view/448dzhpzq3tl652f3e5wkfac4,Montreuil,Bandrélé,1,0
15/11/2025,45zxwf27mdl8hn3m037jlo650,https://www.scoresway.com/en_GB/soccer/coupe-de-france-2025-2026/av9aqjwk6jljkwcs7nqmnrv9w/match/view/45zxwf27mdl8hn3m037jlo650,Montceau,L'Etrat,2,1
15/11/2025,5x4w6f95hyyimdt81grxkvf2s,https://www.scoresway.com/en_GB/soccer/coupe-de-france-2025-2026/av9aqjwk6jljkwcs7nqmnrv9w/match/view/5x4w6f95hyyimdt81grxkvf2s,Loon-Plage,S. Béthunois,1,1
15/11/2025,9trzn510s4caa7aduxp0drsic,https://www.scoresway.com/en_GB/soccer/coupe-de-france-2025-2026/av9aqjwk6jljkwcs7nqmnrv9w/match/view/9trzn510s4caa7aduxp0drsic,Lapalisse,Stade Poitevin,1,2
15/11/2025,44xcgn2ah4r6tr817tjyyeadw,https://www.scoresway.com/en_GB/soccer/coupe-de-france-2025-2026/av9aqjwk6jljkwcs7nqmnrv9w/match/view/44xcgn2ah4r6tr817tjyyeadw,Ivry,Le Mans,1,1
15/11/2025,5xu72ojgwo43sgp1jbux11xqs,https://www.scoresway.com/en_GB/soccer/coupe-de-france-2025-2026/av9aqjwk6jljkwcs7nqmnrv9w/match/view/5xu72ojgwo43sgp1jbux11xqs,IC Croix,Racing,2,2
15/11/2025,43uei5e4ft272q5aico3fqkno,https://www.scoresway.com/en_GB/soccer/coupe-de-france-2025-2026/av9aqjwk6jljkwcs7nqmnrv9w/match/view/43uei5e4ft272q5aico3fqkno,Granville,Dinan Léhon,3,1
15/11/2025,defr0sif630zx24uo6btf27mc,https://www.scoresway.com/en_GB/soccer/coupe-de-france-2025-2026/av9aqjwk6jljkwcs7nqmnrv9w/match/view/defr0sif630zx24uo6btf27mc,FCOSK,Biesheim,2,3
15/11/2025,27o6udh7dquzeqn34l68zux3o,https://www.scoresway.com/en_GB/soccer/coupe-de-france-2025-2026/av9aqjwk6jljkwcs7nqmnrv9w/match/view/27o6udh7dquzeqn34l68zux3o,Challans,GSI Pontivy,0,2
15/11/2025,27bdba0d0iwtj2zk5c4awwaok,https://www.scoresway.com/en_GB/soccer/coupe-de-france-2025-2026/av9aqjwk6jljkwcs7nqmnrv9w/match/view/27bdba0d0iwtj2zk5c4awwaok,Cellier Mauves,Laval,0,6
15/11/2025,a0rl444962rs6z6l6gqvst1qs,https://www.scoresway.com/en_GB/soccer/coupe-de-france-2025-2026/av9aqjwk6jljkwcs7nqmnrv9w/match/view/a0rl444962rs6z6l6gqvst1qs,Cambrai,Feignies,0,4
15/11/2025,42rl7m6k0ttn6mmt12m2jc6c4,https://www.scoresway.com/en_GB/soccer/coupe-de-france-2025-2026/av9aqjwk6jljkwcs7nqmnrv9w/match/view/42rl7m6k0ttn6mmt12m2jc6c4,Bayeux,Caen,3,2
15/11/2025,47fmmej0u1fqceybtabbobv2s,https://www.scoresway.com/en_GB/soccer/coupe-de-france-2025-2026/av9aqjwk6jljkwcs7nqmnrv9w/match/view/47fmmej0u1fqceybtabbobv2s,Atlas Paillade,Bourg-Péronnas,0,2
15/11/2025,49502lqfsff4p2v192fhoejh0,https://www.scoresway.com/en_GB/soccer/coupe-de-france-2025-2026/av9aqjwk6jljkwcs7nqmnrv9w/match/view/49502lqfsff4p2v192fhoejh0,ASML,Chalon,0,3
15/11/2025,a0ekyyo3wgf09ag3ytqzw8x78,https://www.scoresway.com/en_GB/soccer/coupe-de-france-2025-2026/av9aqjwk6jljkwcs7nqmnrv9w/match/view/a0ekyyo3wgf09ag3ytqzw8x78,APM Metz,Fleury,2,2
15/11/2025,dcd1ug1ig8fbzjrk7nxxjgob8,https://www.scoresway.com/en_GB/soccer/coupe-de-france-2025-2026/av9aqjwk6jljkwcs7nqmnrv9w/match/view/dcd1ug1ig8fbzjrk7nxxjgob8,Villars l'Isle,Sarre Union,1,1
15/11/2025,dde9husnrikhkgjo1hporq4us,https://www.scoresway.com/en_GB/soccer/coupe-de-france-2025-2026/av9aqjwk6jljkwcs7nqmnrv9w/match/view/dde9husnrikhkgjo1hporq4us,Sarreguemines,Furiani,5,3
15/11/2025,61dog966azs7439tcj89vmuc4,https://www.scoresway.com/en_GB/soccer/coupe-de-france-2025-2026/av9aqjwk6jljkwcs7nqmnrv9w/match/view/61dog966azs7439tcj89vmuc4,Rhône Vallées,Pays de Grasse,1,1
15/11/2025,25jljfhf3luthu6w08unszw9g,https://www.scoresway.com/en_GB/soccer/coupe-de-france-2025-2026/av9aqjwk6jljkwcs7nqmnrv9w/match/view/25jljfhf3luthu6w08unszw9g,Orvault,Les Herbiers,1,3
15/11/2025,26yn5ul6qpt8odk0hu0a61jbo,https://www.scoresway.com/en_GB/soccer/coupe-de-france-2025-2026/av9aqjwk6jljkwcs7nqmnrv9w/match/view/26yn5ul6qpt8odk0hu0a61jbo,Locminé,Guingamp,1,2
15/11/2025,2813723hdum9e25ka4ui628lw,https://www.scoresway.com/en_GB/soccer/coupe-de-france-2025-2026/av9aqjwk6jljkwcs7nqmnrv9w/match/view/2813723hdum9e25ka4ui628lw,Les Bleuets,Concarneau,0,3
15/11/2025,46cu0b94j12c6ffas4fykydqs,https://www.scoresway.com/en_GB/soccer/coupe-de-france-2025-2026/av9aqjwk6jljkwcs7nqmnrv9w/match/view/46cu0b94j12c6ffas4fykydqs,Andrézieux,Hauts Lyonnais,1,1
15/11/2025,41apkitbuc6nt9rs7sk4m06c4,https://www.scoresway.com/en_GB/soccer/coupe-de-france-2025-2026/av9aqjwk6jljkwcs7nqmnrv9w/match/view/41apkitbuc6nt9rs7sk4m06c4,USCM,Bastia,0,6
15/11/2025,dbxmf0rp8s51ri0ddtvwwb6l0,https://www.scoresway.com/en_GB/soccer/coupe-de-france-2025-2026/av9aqjwk6jljkwcs7nqmnrv9w/match/view/dbxmf0rp8s51ri0ddtvwwb6l0,Pontarlier,Sochaux,2,2
15/11/2025,2bzkzhflsvabo0kvlf4af5ixg,https://www.scoresway.com/en_GB/soccer/coupe-de-france-2025-2026/av9aqjwk6jljkwcs7nqmnrv9w/match/view/2bzkzhflsvabo0kvlf4af5ixg,Lavaur,Rodez,1,3
15/11/2025,c8dhc2obm103dlkxwyzrcwnbo,https://www.scoresway.com/en_GB/soccer/coupe-de-france-2025-2026/av9aqjwk6jljkwcs7nqmnrv9w/match/view/c8dhc2obm103dlkxwyzrcwnbo,Etoile M.,Le Geldar,1,1
15/11/2025,c7b2jjrbrcdua7x03sf0y92c4,https://www.scoresway.com/en_GB/soccer/coupe-de-france-2025-2026/av9aqjwk6jljkwcs7nqmnrv9w/match/view/c7b2jjrbrcdua7x03sf0y92c4,Moulien,Gosier,2,3
15/11/2025,60jx2u5ccd9055l8b4vhlghlg,https://www.scoresway.com/en_GB/soccer/coupe-de-france-2025-2026/av9aqjwk6jljkwcs7nqmnrv9w/match/view/60jx2u5ccd9055l8b4vhlghlg,Magenta,Mulhouse,0,3
15/11/2025,9w0j4d4k3q0tg2wxnvuxcvjtg,https://www.scoresway.com/en_GB/soccer/coupe-de-france-2025-2026/av9aqjwk6jljkwcs7nqmnrv9w/match/view/9w0j4d4k3q0tg2wxnvuxcvjtg,France Aizenay,Troyes,0,3
15/11/2025,9ywj0dk5mm7lasv3a7wup8jkk,https://www.scoresway.com/en_GB/soccer/coupe-de-france-2025-2026/av9aqjwk6jljkwcs7nqmnrv9w/match/view/9ywj0dk5mm7lasv3a7wup8jkk,OCPAM,Reims,0,1
15/11/2025,434o0yeh3omsvl28r6zj3fhn8,https://www.scoresway.com/en_GB/soccer/coupe-de-france-2025-2026/av9aqjwk6jljkwcs7nqmnrv9w/match/view/434o0yeh3omsvl28r6zj3fhn8,Avranches,Paris 13,0,0
15/11/2025,9y6yucl9n6fppifa0apn4ahas,https://www.scoresway.com/en_GB/soccer/coupe-de-france-2025-2026/av9aqjwk6jljkwcs7nqmnrv9w/match/view/9y6yucl9n6fppifa0apn4ahas,Auby,Amiens,0,3
15/11/2025,48s9q4eiqsq25aj8pqxkkm80k,https://www.scoresway.com/en_GB/soccer/coupe-de-france-2025-2026/av9aqjwk6jljkwcs7nqmnrv9w/match/view/48s9q4eiqsq25aj8pqxkkm80k,ASPTT Dijon,Le Puy,0,1
14/11/2025,60ofemdbj37ey7blvh5hytes4,https://www.scoresway.com/en_GB/soccer/coupe-de-france-2025-2026/av9aqjwk6jljkwcs7nqmnrv9w/match/view/60ofemdbj37ey7blvh5hytes4,Villefontaine,Grenoble,0,3
14/11/2025,60bw4udgvut0t7muvg9n7wetw,https://www.scoresway.com/en_GB/soccer/coupe-de-france-2025-2026/av9aqjwk6jljkwcs7nqmnrv9w/match/view/60bw4udgvut0t7muvg9n7wetw,Cannes,Annecy,1,2
